{
  "env": {
    "node": true,
    "es6": true
  },
  "extends": [
    "plugin:security/recommended"
  ],
  "plugins": ["security"],
  "parserOptions": {
    "ecmaVersion": 2020,
    "sourceType": "module"
  },
  "rules": {
    "security/detect-object-injection": "error",
    "security/detect-non-literal-regexp": "error",
    "security/detect-unsafe-regex": "error",
    "security/detect-buffer-noassert": "error",
    "security/detect-child-process": "warn",
    "security/detect-disable-mustache-escape": "error",
    "security/detect-eval-with-expression": "error",
    "security/detect-no-csrf-before-method-override": "error",
    "security/detect-non-literal-fs-filename": "warn",
    "security/detect-non-literal-require": "warn",
    "security/detect-possible-timing-attacks": "error",
    "security/detect-pseudoRandomBytes": "error",
    "security/detect-new-buffer": "error"
  },
  "overrides": [
    {
      "files": ["*.json"],
      "parser": "espree",
      "rules": {
        "security/detect-object-injection": "off"
      }
    }
  ]
}